{
  "globalDependencies": {
    "angular": "registry:dt/angular#1.5.0+20160619025852",
    "angular-animate": "registry:dt/angular-animate#1.5.0+20160614091201",
    "angular-mocks": "registry:dt/angular-mocks#1.5.0+20160608104721",
    "angular-resource": "registry:dt/angular-resource#1.5.0+20160613142217",
    "angular-route": "registry:dt/angular-route#1.3.0+20160317120654",
    "bootstrap": "registry:dt/bootstrap#3.3.5+20160619023404",
    "jasmine": "registry:dt/jasmine#2.2.0+20160505161446",
    "jquery": "registry:dt/jquery#1.10.0+20160417213236"
  }
}
